ProductCode,State,ProductDescription
IDD20320,NT,Fire Weather Warning 1 (NT)
IDD20330,NT,Fire Weather Warning 2 (NT)
IDN22000,NSW,Fire Weather Warning 1 (NSW)
IDN22001,NSW,Fire Weather Warning 2 (NSW)
IDN22200,NSW,Fire Weather Warning - ACT (NSW)
IDQ20035,QLD,Fire Weather Warning 1 (QLD)
IDQ20036,QLD,Fire Weather Warning 2 (QLD)
IDS20290,SA,Fire Weather Warning 1 (SA)
IDS20299,SA,Fire Weather Warning 2 (SA)
IDT31100,TAS,Fire Weather Warning 1 (TAS)
IDT31200,TAS,Fire Weather Warning 2 (TAS)
IDV22000,VIC,Fire Weather Warning 1 (VIC)
IDV22001,VIC,Fire Weather Warning 2 (VIC)
IDW30000,WA,Fire Weather Warning 1 (WA)
IDW30100,WA,Fire Weather Warning 2 (WA)
IDN38100,NSW,Road Weather Alert - Sydney (NSW)
IDN38200,NSW,Road Weather Alert - Canberra (NSW)
IDQ20002,QLD,Road Weather Alert (QLD)
IDS20240,SA,Road Weather Alert (SA)
IDT38100,TAS,Road Weather Alert (TAS)
IDV30000,VIC,Road Weather Alert - Melbourne (VIC)
IDW28500,WA,Road Weather Alert (WA)
IDN36503,NSW,Flood Watch 1 (NSW)
IDN36504,NSW,Flood Watch 2 (NSW)
IDD20590,NT,Flood Watch 1 (NT)
IDD20595,NT,Flood Watch 2 (NT)
IDQ20900,QLD,Flood Watch 1 (QLD)
IDQ20905,QLD,Flood Watch 2 (QLD)
IDS20374,SA,Flood Watch 1 (SA)
IDS20375,SA,Flood Watch 2 (SA)
IDT20625,TAS,Flood Watch 1 (TAS)
IDT20630,TAS,Flood Watch 2 (TAS)
IDV35010,VIC,Flood Watch 1 (VIC)
IDV35020,VIC,Flood Watch 2 (VIC)
IDW39605,WA,Flood Watch 1 (WA)
IDW39606,WA,Flood Watch 2 (WA)
IDD20535,NT,Flood Warning - Adelaide River (NT)
IDD20545,NT,Flood Warning - Daly River (NT)
IDD20555,NT,Flood Warning - Katherine River (NT)
IDD20565,NT,Flood Warning - Roper and Waterhouse River (NT)
IDD20575,NT,Flood Warning - Victoria River (NT)
IDD20585,NT,Flood Warning - McArthur River (NT)
IDN36601,NSW,Flood Warning - Tweed River (NSW)
IDN36602,NSW,Flood Warning - Wilsons River (NSW)
IDN36603,NSW,Flood Warning - Clarence River (NSW)
IDN36604,NSW,Flood Warning - Bellinger and Kalang Rivers (NSW)
IDN36605,NSW,Flood Warning - Macleay River (NSW)
IDN36606,NSW,Flood Warning - Hastings River (NSW)
IDN36607,NSW,Flood Warning - Manning and Gloucester Rivers (NSW)
IDN36608,NSW,Flood Warning - Hunter River (NSW)
IDN36609,NSW,Flood Warning - Hawkesbury and Nepean Rivers (NSW)
IDN36610,NSW,Flood Warning - Georges and Woronora Rivers (NSW)
IDN36611,NSW,Flood Warning - Shoalhaven River (NSW)
IDN36612,NSW,Flood Warning - Moruya and Deua Rivers (NSW)
IDN36613,NSW,Flood Warning - Bega River (NSW)
IDN36615,NSW,Flood Warning - Wyong River and Tuggerah Lake (NSW)
IDN36616,NSW,Flood Warning - Parramatta River (NSW)
IDN36618,NSW,Flood Warning - Orara River (NSW)
IDN36619,NSW,Flood Warning - Lake Macquarie (NSW)
IDN36620,NSW,Flood Warning - Upper Macintyre River (NSW)
IDN36621,NSW,Flood Warning - Gwydir River (NSW)
IDN36622,NSW,Flood Warning - Peel and Namoi Rivers (NSW)
IDN36623,NSW,Flood Warning - Castlereagh River (NSW)
IDN36624,NSW,Flood Warning - Macquarie River (NSW)
IDN36625,NSW,Flood Warning - Bogan River (NSW)
IDN36626,NSW,Flood Warning - Lachlan River (NSW)
IDN36627,NSW,Flood Warning - Queanbeyan and Molonglo Rivers (NSW)
IDN36628,NSW,Flood Warning - Murrumbidgee River (NSW)
IDN36629,NSW,Flood Warning - Murray River (NSW)
IDN36630,NSW,Flood Warning - Culgoa Birrie Bokhara and Narran Rivers (NSW)
IDN36631,NSW,Flood Warning - Warrego River (NSW)
IDN36632,NSW,Flood Warning - Paroo River (NSW)
IDN36634,NSW,Flood Warning - Barwon and Darling Rivers (NSW)
IDN36636,NSW,Flood Warning - Belubula River and Mandagery Creek (NSW)
IDN36637,NSW,Flood Warning - Brunswick River and Marshalls Creek (NSW)
IDN36638,NSW,Flood Warning - Wallis Lake (NSW)
IDN36639,NSW,Flood Warning - Paterson and Williams Rivers (NSW)
IDN36640,NSW,Flood Warning - Nambucca River (NSW)
IDN36641,NSW,Flood Warning - Camden Haven River (NSW)
IDN36642,NSW,Flood Warning - Mirrool Creek (NSW)
IDN36643,NSW,Flood Warning - Richmond River (NSW)
IDN36650,NSW,Flood Warning - Coffs Creek (NSW)
IDN36652,NSW,Flood Warning - Myall River (NSW)
IDN36654,NSW,Flood Warning - Cooma Creek (NSW)
IDN36658,NSW,Flood Warning - Cooks River (NSW)
IDN36659,NSW,Flood Warning - Dumaresq Creek (NSW)
IDN36660,NSW,Flood Warning - Cootamundra (NSW)
IDN36661,NSW,Flood Warning - Wooli River (NSW)
IDN36662,NSW,Flood Warning - Newcastle Metropolitan Area (NSW)
IDN36663,NSW,Flood Warning - Sydney Metropolitan Area (NSW)
IDN36664,NSW,Flood Warning - Gosford Shire (NSW)
IDN36665,NSW,Flood Warning - Wollongong Metropolitan Area (NSW)
IDN36666,NSW,Flood Warning - Macquarie River to Bathurst (NSW)
IDN36667,NSW,Flood Warning - Stockinbingal (NSW)
IDN36668,NSW,Flood Warning - Orange (NSW)
IDN36669,NSW,Flood Warning - St Georges Basin (NSW)
IDQ20705,QLD,Flood Warning - Daintree and Mossman Rivers (QLD)
IDQ20710,QLD,Flood Warning - Barron River (QLD)
IDQ20712,QLD,Flood Warning - Mulgrave and Russell Rivers (QLD)
IDQ20715,QLD,Flood Warning - Johnstone River catchment (QLD)
IDQ20720,QLD,Flood Warning - Tully and Murray Rivers (QLD)
IDQ20725,QLD,Flood Warning - Herbert River (QLD)
IDQ20735,QLD,"Flood Warning - Ross, Bohle and Black Rivers (QLD)"
IDQ20740,QLD,Flood Warning - Haughton River Catchment (QLD)
IDQ20745,QLD,Flood Warning - Burdekin River (QLD)
IDQ20750,QLD,Flood Warning - Don and Proserpine Rivers (QLD)
IDQ20755,QLD,Flood Warning - Pioneer River Catchment (QLD)
IDQ20765,QLD,Flood Warning - Fitzroy River Catchment (QLD)
IDQ20770,QLD,Flood Warning - Burnett River (QLD)
IDQ20775,QLD,"Flood Warning - Kolan, Boyne and Calliope Rivers and Baffle Creek (QLD)"
IDQ20785,QLD,Flood Warning - Burrum and Cherwell Rivers Catchment (QLD)
IDQ20790,QLD,Flood Warning - Mary River (QLD)
IDQ20795,QLD,Flood Warning - Maroochy and Noosa Rivers (QLD)
IDQ20800,QLD,Flood Warning - Upper Brisbane River Catchment (QLD)
IDQ20805,QLD,Flood Warning - Lower Brisbane River Catchment (QLD)
IDQ20815,QLD,Flood Warning - Logan and Albert Rivers (QLD)
IDQ20820,QLD,Flood Warning - Nerang and Coomera Rivers (QLD)
IDQ20825,QLD,Flood Warning - Condamine and Balonne Rivers (QLD)
IDQ20835,QLD,Flood Warning - Macintyre and Weir Rivers (QLD)
IDQ20840,QLD,Flood Warning - Moonie River (QLD)
IDQ20842,QLD,Flood Warning - Wallam and Mungallala Creeks (QLD)
IDQ20845,QLD,Flood Warning - Warrego River (QLD)
IDQ20850,QLD,Flood Warning - Paroo River (QLD)
IDQ20855,QLD,Flood Warning - Bulloo River (QLD)
IDQ20860,QLD,Flood Warning - Thomson and Barcoo Rivers and Cooper Creek (QLD)
IDQ20865,QLD,Flood Warning - Diamantina River (QLD)
IDQ20870,QLD,Flood Warning - Georgina River and Eyre Creek (QLD)
IDQ20876,QLD,Flood Warning - Nicholson & Leichhardt Rivers (QLD)
IDQ20878,QLD,Flood Warning - Flinders River (QLD)
IDQ20879,QLD,Flood Warning - Norman & Gilbert Rivers (QLD)
IDQ20885,QLD,Flood Warning Summary (QLD)
IDS20360,SA,Flood Warning - Gawler River (SA)
IDS20362,SA,Flood Warning - Torrens River (SA)
IDS20364,SA,Flood Warning - Onkaparinga River (SA)
IDS20370,SA,Flood Warning - Inland Rivers (SA)
IDS20371,SA,Flood Warning Summary (SA)
IDS20372,SA,Flood Warning - Light and Wakefield River (SA)
IDS20373,SA,Flood Warning - Angas and Bremer Rivers (SA)
IDS20380,SA,Flood Warning - River Murray in SA (SA)
IDT20600,TAS,Flood Warning Summary (TAS)
IDT20604,TAS,Flood Warning - Forth River (TAS)
IDT20605,TAS,Flood Warning - Mersey River (TAS)
IDT20609,TAS,Flood Warning - Meander River (TAS)
IDT20610,TAS,Flood Warning - North Esk River (TAS)
IDT20611,TAS,Flood Warning - South Esk River (TAS)
IDT20612,TAS,Flood Warning - Macquarie River (TAS)
IDT20613,TAS,Flood Warning - Derwent River (TAS)
IDT20614,TAS,Flood Warning - Jordan River (TAS)
IDT20615,TAS,Flood Warning - Coal River (TAS)
IDT20616,TAS,Flood Warning - Huon River (TAS)
IDV36050,VIC,Flood Warning Summary (VIC)
IDV36110,VIC,Flood Warning - Cann and Genoa Rivers (VIC)
IDV36120,VIC,Flood Warning - Snowy River (VIC)
IDV36130,VIC,Flood Warning - Tambo River (VIC)
IDV36140,VIC,Flood Warning - Mitchell River (VIC)
IDV36205,VIC,Flood Warning - Gippsland Lakes (VIC)
IDV36210,VIC,Flood Warning - Avon River (VIC)
IDV36220,VIC,Flood Warning - Macalister River (VIC)
IDV36230,VIC,Flood Warning - Thomson River (VIC)
IDV36240,VIC,Flood Warning - Latrobe River (VIC)
IDV36245,VIC,Flood Warning - Traralgon Creek (VIC)
IDV36250,VIC,Flood Warning - South Gippsland (VIC)
IDV36300,VIC,Flood Warning - Maribyrnong River (VIC)
IDV36310,VIC,Flood Warning - Yarra River (VIC)
IDV36320,VIC,Flood Warning - Dandenong Creek (VIC)
IDV36330,VIC,Flood Warning - Western Port (VIC)
IDV36340,VIC,Flood Warning - Diamond Creek (VIC)
IDV36350,VIC,Flood Warning - Merri Creek (VIC)
IDV36360,VIC,Flood Warning - Kororoit Creek (VIC)
IDV36370,VIC,Flood Warning - Plenty River (VIC)
IDV36390,VIC,Flood Warning - Werribee River (VIC)
IDV36400,VIC,Flood Warning - Barwon River (VIC)
IDV36510,VIC,Flood Warning - Hopkins River (VIC)
IDV36520,VIC,Flood Warning - Glenelg River (VIC)
IDV36530,VIC,Flood Warning - Moyne River (VIC)
IDV36610,VIC,Flood Warning - Mitta Mitta River (VIC)
IDV36620,VIC,Flood Warning - Kiewa River (VIC)
IDV36630,VIC,Flood Warning - Ovens and King Rivers (VIC)
IDV36640,VIC,Flood Warning - Broken River (VIC)
IDV36641,VIC,Flood Warning - Seven Creeks and Castle Creek (VIC)
IDV36642,VIC,Flood Warning - Broken Creek (VIC)
IDV36710,VIC,Flood Warning - Goulburn River (VIC)
IDV36750,VIC,Flood Warning - Campaspe River (VIC)
IDV36810,VIC,Flood Warning - Loddon River (VIC)
IDV36820,VIC,Flood Warning - Avoca River (VIC)
IDV36830,VIC,Flood Warning - Wimmera River (VIC)
IDV36910,VIC,Flood Warning - Murray River Upstream of Lake Hume (VIC)
IDW39700,WA,Flood Warning - Eucla District (WA)
IDW39712,WA,Flood Warning - South Interior District (WA)
IDW39720,WA,Flood Warning - South Coastal District (WA)
IDW39725,WA,Flood Warning - South East Coastal District (WA)
IDW39730,WA,Flood Warning - Blackwood River (WA)
IDW39740,WA,Flood Warning - South West District (WA)
IDW39760,WA,Flood Warning - Preston River (WA)
IDW39765,WA,Flood Warning - Collie River (WA)
IDW39770,WA,Flood Warning - Harvey River (WA)
IDW39775,WA,Flood Warning - Murray River (WA)
IDW39780,WA,Flood Warning - Canning River (WA)
IDW39785,WA,Flood Warning - Swan River (WA)
IDW39790,WA,Flood Warning - Avon River (WA)
IDW39798,WA,Flood Warning - Moore River (WA)
IDW39799,WA,Flood Warning - Yarra Yarra Lakes District (WA)
IDW39800,WA,Flood Warning - Irwin River (WA)
IDW39802,WA,Flood Warning - Greenough River (WA)
IDW39808,WA,Flood Warning - Wooramel River (WA)
IDW39810,WA,Flood Warning - Murchison River (WA)
IDW39820,WA,Flood Warning - Gascoyne River (WA)
IDW39822,WA,Flood Warning - Lyndon-Minilya (WA)
IDW39825,WA,Flood Warning - Onslow Coastal (WA)
IDW39830,WA,Flood Warning - Pilbara Coastal Rivers (WA)
IDW39835,WA,Flood Warning - Ashburton River (WA)
IDW39840,WA,Flood Warning - Fortescue River (WA)
IDW39845,WA,Flood Warning - De Grey River (WA)
IDW39850,WA,Flood Warning - Sturt Creek District (WA)
IDW39855,WA,Flood Warning - Salt Lakes District (WA)
IDW39860,WA,Flood Warning - Sandy Desert District (WA)
IDW39865,WA,Flood Warning - Warburton District (WA)
IDW39875,WA,Flood Warning - North Kimberley District (WA)
IDW39880,WA,Flood Warning - West Kimberley District (WA)
IDW39885,WA,Flood Warning - Fitzroy River (WA)
IDW39890,WA,Flood Warning - Ord River (WA)
IDD21033,NT,Severe Thunderstorm Warning 1 (NT)
IDD21034,NT,Severe Thunderstorm Warning 2 (NT)
IDD21035,NT,Cell Based Warning (NT)
IDD21041,NT,Severe Thunderstorm Warning 1 â€“ IMAGE (NT)
IDD21044,NT,Severe Thunderstorm Warning 2 â€“ IMAGE (NT)
IDD21047,NT,Cell Based Warning â€“ IMAGE (NT)
IDN21033,NSW,Severe Thunderstorm Warning (NSW)
IDN21035,NSW,Cell Based Warning (Syd) (NSW)
IDN21036,NSW,Cell Based Warning (Can) (NSW)
IDN21041,NSW,Severe Thunderstorm Warning â€“ IMAGE (NSW)
IDN21047,NSW,Cell Based Warning (Syd) â€“ IMAGE (NSW)
IDN21055,NSW,Cell Based Warning (Can) â€“ IMAGE (NSW)
IDQ21033,QLD,Severe Thunderstorm Warning (Qld)
IDQ21035,QLD,Cell Based Warning (Qld)
IDQ21041,QLD,Severe Thunderstorm Warning â€“ IMAGE (Qld)
IDQ21047,QLD,Cell Based Warning â€“ IMAGE (Qld)
IDS21033,SA,Severe Thunderstorm Warning (SA)
IDS21035,SA,Cell Based Warning (SA)
IDS21041,SA,Severe Thunderstorm Warning â€“ IMAGE (SA)
IDS21047,SA,Cell Based Warning â€“ IMAGE (SA)
IDT21033,TAS,Severe Thunderstorm Warning (Tas)
IDT21035,TAS,Severe Thunderstorm Warning - Hobart Area (TAS)
IDT21041,TAS,Severe Thunderstorm Warning â€“ IMAGE (Tas)
IDT21047,TAS,Severe Thunderstorm Warning - Hobart Area - IMAGE (TAS)
IDV21033,VIC,Severe Thunderstorm Warning (Vic)
IDV21035,VIC,Cell Based Warning (Vic)
IDV21041,VIC,Severe Thunderstorm Warning â€“ IMAGE (Vic)
IDV21047,VIC,Cell Based Warning â€“ IMAGE (Vic)
IDW21033,WA,Severe Thunderstorm Warning 1 (WA)
IDW21034,WA,Severe Thunderstorm Warning 2 (WA)
IDW21035,WA,Severe Thunderstorm Warning - Perth Area (WA)
IDW21041,WA,Severe Thunderstorm Warning 1 â€“ IMAGE (WA)
IDW21044,WA,Severe Thunderstorm Warning 2 â€“ IMAGE (WA)
IDW20147,WA,Severe Thunderstorm Warning - Perth Area - IMAGE (WA)
IDD21037,NT,Severe Weather Warning 1 (NT)
IDD21038,NT,Severe Weather Warning 2 (NT)
IDD21137,NT,Severe Weather Warning 3 (NT)
IDD21063,NT,Severe Weather Warning 1 â€“ IMAGE (NT)
IDD21066,NT,Severe Weather Warning 2 â€“ IMAGE (NT)
IDD21163,NT,Severe Weather Warning 3 â€“ IMAGE (NT)
IDN21037,NSW,Severe Weather Warning 1 (NSW)
IDN21038,NSW,Severe Weather Warning 2 (NSW)
IDN21137,NSW,Severe Weather Warning 3 (NSW)
IDN21063,NSW,Severe Weather Warning 1 â€“ IMAGE (NSW)
IDN21066,NSW,Severe Weather Warning 2 â€“ IMAGE (NSW)
IDN21163,NSW,Severe Weather Warning 3 â€“ IMAGE (NSW)
IDN28503,NSW,Severe Weather Warning - Norfolk Island (NSW)
IDN28504,NSW,Severe Weather Warning - Lord Howe Island (NSW)
IDQ21037,QLD,Severe Weather Warning 1 (Qld)
IDQ21038,QLD,Severe Weather Warning 2 (Qld)
IDQ21137,QLD,Severe Weather Warning 3 (Qld)
IDQ21063,QLD,Severe Weather Warning 1 â€“ IMAGE (Qld)
IDQ21066,QLD,Severe Weather Warning 2 â€“ IMAGE (Qld)
IDQ21163,QLD,Severe Weather Warning 3 â€“ IMAGE (Qld)
IDS21037,SA,Severe Weather Warning 1 (SA)
IDS21038,SA,Severe Weather Warning 2 (SA)
IDS21137,SA,Severe Weather Warning 3 (SA)
IDS21063,SA,Severe Weather Warning 1 â€“ IMAGE (SA)
IDS21066,SA,Severe Weather Warning 2 â€“ IMAGE (SA)
IDS21163,SA,Severe Weather Warning 3 â€“ IMAGE (SA)
IDT21037,TAS,Severe Weather Warning 1 (Tas)
IDT21038,TAS,Severe Weather Warning 2 (Tas)
IDT21137,TAS,Severe Weather Warning 3 (Tas)
IDT21063,TAS,Severe Weather Warning 1 â€“ IMAGE (Tas)
IDT21066,TAS,Severe Weather Warning 2 â€“ IMAGE (Tas)
IDT21163,TAS,Severe Weather Warning 3 â€“ IMAGE (Tas)
IDV21037,VIC,Severe Weather Warning 1 (Vic)
IDV21038,VIC,Severe Weather Warning 2 (Vic)
IDV21137,VIC,Severe Weather Warning 3 (Vic)
IDV21063,VIC,Severe Weather Warning 1 â€“ IMAGE (Vic)
IDV21066,VIC,Severe Weather Warning 2 â€“ IMAGE (Vic)
IDV21163,VIC,Severe Weather Warning 3 â€“ IMAGE (Vic)
IDW21037,WA,Severe Weather Warning 1 (WA)
IDW21038,WA,Severe Weather Warning 2 (WA)
IDV21137,WA,Severe Weather Warning 3 (WA)
IDW21063,WA,Severe Weather Warning 1 â€“ IMAGE (WA)
IDW21066,WA,Severe Weather Warning 2 â€“ IMAGE (WA)
IDW21163,WA,Severe Weather Warning 3 â€“ IMAGE (WA)
IDD20300,NT,Tropical Cyclone Information Bulletin 1 (NT)
IDD20301,NT,Tropical Cyclone Information Bulletin 2 (NT)
IDQ20065,QLD,Tropical Cyclone Information Bulletin 1 (QLD)
IDQ20066,QLD,Tropical Cyclone Information Bulletin 2 (QLD)
IDQ20067,QLD,Tropical Cyclone Information Bulletin 3 (QLD)
IDW24000,WA,Tropical Cyclone Information Bulletin 1 (WA)
IDW24010,WA,Tropical Cyclone Information Bulletin 2 (WA)
IDW24020,WA,Tropical Cyclone Information Bulletin 3 (WA)
IDD20150,NT,Tropical Cyclone Advice 1 (NT)
IDD20250,NT,Tropical Cyclone Advice 2 (NT)
IDDP0007,NT*,QLD Tropical Cyclone Advice for System Affecting NT*
IDNP0004,NSW*,QLD Tropical Cyclone Advice for System Affecting NSW*
IDQ20023,QLD,Tropical Cyclone Advice 1 (QLD)
IDQ20026,QLD,Tropical Cyclone Advice 2 (QLD)
IDQ20029,QLD,Tropical Cyclone Advice 3 (QLD)
IDQ20064,QLD,Tropical Cyclone Advice - Norfolk Island (QLD)
IDQP0004,QLD*,NT Tropical Cyclone Advice for System Affecting QLD*
IDW24100,WA,Tropical Cyclone Advice 1 (WA)
IDW24200,WA,Tropical Cyclone Advice 2 (WA)
IDW24300,WA,Tropical Cyclone Advice 3 (WA)
IDW24400,WA,Tropical Cyclone Advice - Cocos Island and Christmas Island (WA)
IDWP0004,WA*,NT Tropical Cyclone Advice for System Affecting WA*
IDD24500,NT,Tropical Cyclone Advice 1 - CAP (NT)
IDD24510,NT,Tropical Cyclone Advice 2 - CAP (NT)
IDQ24500,QLD,Tropical Cyclone Advice 1 - CAP (QLD)
IDQ24510,QLD,Tropical Cyclone Advice 2 - CAP (QLD)
IDQ24520,QLD,Tropical Cyclone Advice 3 - CAP (QLD)
IDW24500,WA,Tropical Cyclone Advice 1 - CAP (WA)
IDW24510,WA,Tropical Cyclone Advice 2 - CAP (WA)
IDW24520,WA,Tropical Cyclone Advice 3 - CAP (WA)
IDD20020,NT,Tropical Cyclone Technical Bulletin 1 (NT)
IDD20021,NT,Tropical Cyclone Technical Bulletin 2 (NT)
IDD65441,NT,Tropical Cyclone Technical Bulletin 1 - CXML (NT)
IDD65442,NT,Tropical Cyclone Technical Bulletin 2 - CXML (NT)
IDQ20018,QLD,Tropical Cyclone Technical Bulletin 1 (QLD)
IDQ20068,QLD,Tropical Cyclone Technical Bulletin 2 (QLD)
IDQ20069,QLD,Tropical Cyclone Technical Bulletin 3 (QLD)
IDQ65255,QLD,Tropical Cyclone Technical Bulletin 1 - CXML (QLD)
IDQ65256,QLD,Tropical Cyclone Technical Bulletin 2 - CXML (QLD)
IDQ65257,QLD,Tropical Cyclone Technical Bulletin 3 - CXML (QLD)
IDW27600,WA,Tropical Cyclone Technical Bulletin 1 (WA)
IDW27700,WA,Tropical Cyclone Technical Bulletin 2 (WA)
IDW27800,WA,Tropical Cyclone Technical Bulletin 3 (WA)
IDW60350,WA,Tropical Cyclone Technical Bulletin 1 - CXML (WA)
IDW60351,WA,Tropical Cyclone Technical Bulletin 2 - CXML (WA)
IDW60352,WA,Tropical Cyclone Technical Bulletin 3 - CXML (WA)
IDD65001,NT,Tropical Cyclone Forecast Track Map 1 - Graphic (NT)
IDD65002,NT,Tropical Cyclone Forecast Track Map 2 - Graphic (NT)
IDD65011,NT,Tropical Cyclone Forecast Track Map 1 (NT)
IDD65012,NT,Tropical Cyclone Forecast Track Map 2 (NT)
IDDP0008,GRAPHIC*,QLD Tropical Cyclone Forecast Track Map for System Affecting NT â€“ Graphic*
IDDP0009,NT*,QLD Tropical Cyclone Forecast Track Map for System Affecting NT*
IDDP0010,GRAPHIC*,WA Tropical Cyclone Forecast Track Map for System Affecting NT â€“ Graphic*
IDDP0011,NT*,WA Tropical Cyclone Forecast Track Map for System Affecting NT*
IDQ65001,QLD,Tropical Cyclone Forecast Track Map 1 - Graphic (QLD)
IDQ65002,QLD,Tropical Cyclone Forecast Track Map 1 (QLD)
IDQ65003,QLD,Tropical Cyclone Forecast Track Map 2 - Graphic (QLD)
IDQ65004,QLD,Tropical Cyclone Forecast Track Map 2 (QLD)
IDQ65223,QLD,Tropical Cyclone Forecast Track Map 3 - Graphic (QLD)
IDQ65224,QLD,Tropical Cyclone Forecast Track Map 3 (QLD)
IDQ65230,QLD,Tropical Cyclone Forecast Track Map for NSW - Graphic (QLD)
IDQ65231,QLD,Tropical Cyclone Forecast Track Map for NSW (QLD)
IDQ65253,QLD,Tropical Cyclone Forecast Track Map - Norfolk Island (QLD)
IDQ65254,QLD,Tropical Cyclone Forecast Track Map - Norfolk Island - Graphic (QLD)
IDQP0011,GRAPHIC*,NT Tropical Cyclone Forecast Track Map for System Affecting QLD â€“ Graphic*
IDQP0012,QLD*,NT Tropical Cyclone Forecast Track Map for System Affecting QLD*
IDW60280,WA,Tropical Cyclone Forecast Track Map 1 - Graphic (WA)
IDW60281,WA,Tropical Cyclone Forecast Track Map 1 (WA)
IDW60284,WA,Tropical Cyclone Forecast Track Map 2 - Graphic (WA)
IDW60285,WA,Tropical Cyclone Forecast Track Map 2 (WA)
IDW60287,WA,Tropical Cyclone Forecast Track Map 3 - Graphic (WA)
IDW60288,WA,Tropical Cyclone Forecast Track Map 3 (WA)
IDWP0005,GRAPHIC*,NT Tropical Cyclone Forecast Track Map for System Affecting WA â€“ Graphic*
IDWP0006,WA*,NT Tropical Cyclone Forecast Track Map for System Affecting WA*
IDD65401,NT,Tropical Cyclone Forecast Track Map 1 - GML (NT)
IDD65402,NT,Tropical Cyclone Forecast Track Map 2 - GML (NT)
IDD65408,NT,Tropical Cyclone Forecast Track Map for WA - GML (NT)
IDD65409,NT,Tropical Cyclone Forecast Track Map for QLD - GML (NT)
IDQ65248,QLD,Tropical Cyclone Forecast Track Map 1 - GML (QLD)
IDQ65249,QLD,Tropical Cyclone Forecast Track Map 2 - GML (QLD)
IDQ65250,QLD,Tropical Cyclone Forecast Track Map 3 - GML (QLD)
IDQ65251,QLD,Tropical Cyclone Forecast Track Map for NT - GML (QLD)
IDQ65252,QLD,Tropical Cyclone Forecast Track Map for NSW - GML (QLD)
IDW60266,WA,Tropical Cyclone Forecast Track Map 1 - GML (WA)
IDW60267,WA,Tropical Cyclone Forecast Track Map 2 - GML (WA)
IDW60268,WA,Tropical Cyclone Forecast Track Map 3 - GML (WA)
IDW60283,WA,Tropical Cyclone Forecast Track Map for NT - GML (WA)
IDY68005,BNOC,ATWS National Tsunami Watch Bulletin (BNOC)
IDY68009,BNOC,ATWS National Tsunami No Threat Bulletin (BNOC)
IDY68019,BNOC,National Tsunami Event Summary (BNOC)
IDY68020,BNOC,National Tsunami Warning Summary (BNOC)
IDY68025,BULLETIN,WA Tsunami Bulletin
IDY68026,BULLETIN,NT Tsunami Bulletin
IDY68027,BULLETIN,Qld Tsunami Bulletin
IDY68028,BULLETIN,NSW Tsunami Bulletin
IDY68029,BULLETIN,Vic Tsunami Bulletin
IDY68030,BULLETIN,SA Tsunami Bulletin
IDY68031,BULLETIN,Tas Tsunami Bulletin
IDY68032,BULLETIN,Cocos Island Tsunami Bulletin
IDY68033,BULLETIN,Christmas Island Tsunami Bulletin
IDY68034,BULLETIN,Lord Howe Island Tsunami Bulletin
IDY68035,BULLETIN,Norfolk Island Tsunami Bulletin
IDY68036,BULLETIN,Macquarie Island Tsunami Bulletin
IDY68074,BULLETIN,Antarctic Tsunami Bulletin
IDD21013,NT,Heatwave Warning (NT)
IDN21013,NSW,Heatwave Warning (NSW)
IDN21014,ACT,Heatwave Warning (ACT)
IDQ21013,QLD,Heatwave Warning (QLD)
IDS21013,SA,Heatwave Warning (SA)
IDT21013,TAS,Heatwave Warning (TAS)
IDV21013,VIC,Heatwave Warning (VIC)
IDW21013,WA,Heatwave Warning (WA)
